{"cameraMode":{"drawMode":0,"name":"Shaded","section":"Shading Mode"},"sceneLighting":true,"audioPlay":false,"sceneViewState":{"m_AlwaysRefresh":false,"showFog":true,"showSkybox":true,"showFlares":true,"showImageEffects":true,"showParticleSystems":true,"showVisualEffectGraphs":true,"m_FxEnabled":true},"in2DMode":false,"pivot":{"x":8.393245697021485,"y":1.507309079170227,"z":-2.433833599090576},"rotation":{"x":-0.013808190822601319,"y":-0.012901152484118939,"z":0.00017510575708001852,"w":-0.9998236894607544},"size":2.812608242034912,"orthographic":false}